caller,callee,call_count
ROOT::FrameworkOrAsyncEntry,com.example.android.architecture.blueprints.todoapp.util.Async$Success$$ExternalSynthetic$Condy0->$init(): void,1164
ROOT::FrameworkOrAsyncEntry,com.example.android.architecture.blueprints.todoapp.util.Async$$ExternalSynthetic$Condy0->$init(): void,895
ROOT::FrameworkOrAsyncEntry,com.example.android.architecture.blueprints.todoapp.tasks.ComposableSingletons$TasksScreenKt$lambda-5$1$$ExternalSynthetic$Condy0->$init(): void,833
ROOT::FrameworkOrAsyncEntry,com.example.android.architecture.blueprints.todoapp.taskdetail.TaskDetailViewModel_HiltModules_KeyModule_Provide_LazyMapKey$$ExternalSynthetic$Condy0->$init(): void,792
ROOT::FrameworkOrAsyncEntry,com.example.android.architecture.blueprints.todoapp.data.source.local.TaskDao_Impl$13$$ExternalSynthetic$Condy0->$init(): void,666
ROOT::FrameworkOrAsyncEntry,com.example.android.architecture.blueprints.todoapp.tasks.TasksViewModel$_filteredTasksAsync$1$$ExternalSynthetic$Condy0->$init(): void,623
ROOT::FrameworkOrAsyncEntry,com.example.android.architecture.blueprints.todoapp.tasks.TasksViewModel_HiltModules$KeyModule$$ExternalSynthetic$Condy0->$init(): void,615
ROOT::FrameworkOrAsyncEntry,com.example.android.architecture.blueprints.todoapp.util.ComposableSingletons$TopAppBarsKt$lambda-14$1$$ExternalSynthetic$Condy0->$init(): void,525
ROOT::FrameworkOrAsyncEntry,com.example.android.architecture.blueprints.todoapp.DaggerTodoApplication_HiltComponents_SingletonC$ViewModelCBuilder$$ExternalSynthetic$Condy0->$init(): void,518
ROOT::FrameworkOrAsyncEntry,com.example.android.architecture.blueprints.todoapp.addedittask.AddEditTaskViewModel_HiltModules_KeyModule_Provide_LazyMapKey$$ExternalSynthetic$Condy0->$init(): void,472
ROOT::FrameworkOrAsyncEntry,com.example.android.architecture.blueprints.todoapp.TodoNavGraphKt$TodoNavGraph$2$1$7$$ExternalSynthetic$Condy0->$init(): void,370
ROOT::FrameworkOrAsyncEntry,com.example.android.architecture.blueprints.todoapp.TodoNavGraphKt$TodoNavGraph$2$1$3$$ExternalSynthetic$Condy0->$init(): void,317
ROOT::FrameworkOrAsyncEntry,com.example.android.architecture.blueprints.todoapp.tasks.TasksViewModel$special$$inlined$map$2$2$1$$ExternalSynthetic$Condy0->$init(): void,299
ROOT::FrameworkOrAsyncEntry,com.example.android.architecture.blueprints.todoapp.tasks.TasksViewModel_HiltModules_BindsModule_Binds_LazyMapKey$$ExternalSynthetic$Condy0->$init(): void,280
ROOT::FrameworkOrAsyncEntry,com.example.android.architecture.blueprints.todoapp.TodoThemeKt->$init(): void,271
ROOT::FrameworkOrAsyncEntry,com.example.android.architecture.blueprints.todoapp.data.DefaultTaskRepository$getTasksStream$$inlined$map$1$$ExternalSynthetic$Condy0->$init(): void,263
ROOT::FrameworkOrAsyncEntry,com.example.android.architecture.blueprints.todoapp.DaggerTodoApplication_HiltComponents_SingletonC$ActivityRetainedCBuilder$$ExternalSynthetic$Condy0->$init(): void,248
ROOT::FrameworkOrAsyncEntry,com.example.android.architecture.blueprints.todoapp.DaggerTodoApplication_HiltComponents_SingletonC$ActivityRetainedCImpl$SwitchingProvider$$ExternalSynthetic$Condy0->$init(): void,232
ROOT::FrameworkOrAsyncEntry,com.example.android.architecture.blueprints.todoapp.data.DefaultTaskRepository$getTasksStream$$inlined$map$1$2$$ExternalSynthetic$Condy0->$init(): void,232
ROOT::FrameworkOrAsyncEntry,com.example.android.architecture.blueprints.todoapp.TodoApplication_HiltComponents$ActivityRetainedC$$ExternalSynthetic$Condy0->$init(): void,220
ROOT::FrameworkOrAsyncEntry,com.example.android.architecture.blueprints.todoapp.util.ComposableSingletons$TopAppBarsKt$lambda-8$1$$ExternalSynthetic$Condy0->$init(): void,211
ROOT::FrameworkOrAsyncEntry,com.example.android.architecture.blueprints.todoapp.DaggerTodoApplication_HiltComponents_SingletonC$$ExternalSynthetic$Condy0->$init(): void,204
ROOT::FrameworkOrAsyncEntry,com.example.android.architecture.blueprints.todoapp.tasks.TasksScreenKt$TasksContent$2$invoke$lambda$4$lambda$3$lambda$2$$inlined$items$default$1$$ExternalSynthetic$Condy0->$init(): void,200
ROOT::FrameworkOrAsyncEntry,com.example.android.architecture.blueprints.todoapp.util.ComposableSingletons$TopAppBarsKt$lambda-5$1$$ExternalSynthetic$Condy0->$init(): void,173
ROOT::FrameworkOrAsyncEntry,com.example.android.architecture.blueprints.todoapp.util.ComposeUtilsKt->$init(): void,171
ROOT::FrameworkOrAsyncEntry,com.example.android.architecture.blueprints.todoapp.tasks.TasksScreenKt$TasksScreen$2$$ExternalSynthetic$Condy0->$init(): void,166
ROOT::FrameworkOrAsyncEntry,com.example.android.architecture.blueprints.todoapp.TodoNavGraphKt->$init(): void,158
ROOT::FrameworkOrAsyncEntry,com.example.android.architecture.blueprints.todoapp.data.source.local.TaskDao_Impl$1$$ExternalSynthetic$Condy0->$init(): void,146
ROOT::FrameworkOrAsyncEntry,com.example.android.architecture.blueprints.todoapp.util.ComposableSingletons$TopAppBarsKt$lambda-4$1$$ExternalSynthetic$Condy0->$init(): void,145
ROOT::FrameworkOrAsyncEntry,com.example.android.architecture.blueprints.todoapp.util.TodoDrawerKt$DrawerButton$1$$ExternalSynthetic$Condy0->$init(): void,140
ROOT::FrameworkOrAsyncEntry,com.example.android.architecture.blueprints.todoapp.tasks.ComposableSingletons$TasksScreenKt$lambda-3$1$$ExternalSynthetic$Condy0->$init(): void,137
ROOT::FrameworkOrAsyncEntry,com.example.android.architecture.blueprints.todoapp.statistics.StatisticsViewModel_HiltModules_KeyModule_Provide_LazyMapKey$$ExternalSynthetic$Condy0->$init(): void,136
ROOT::FrameworkOrAsyncEntry,com.example.android.architecture.blueprints.todoapp.addedittask.AddEditTaskScreenKt->$init(): void,135
ROOT::FrameworkOrAsyncEntry,com.example.android.architecture.blueprints.todoapp.util.CoroutinesUtilsKt->$init(): void,132
ROOT::FrameworkOrAsyncEntry,com.example.android.architecture.blueprints.todoapp.di.CoroutinesModule$$ExternalSynthetic$Condy0->$init(): void,130
ROOT::FrameworkOrAsyncEntry,com.example.android.architecture.blueprints.todoapp.tasks.ComposableSingletons$TasksScreenKt$lambda-2$1$$ExternalSynthetic$Condy0->$init(): void,130
ROOT::FrameworkOrAsyncEntry,com.example.android.architecture.blueprints.todoapp.tasks.TasksUiState$$ExternalSyntheticBackport0->$init(): void,124
ROOT::FrameworkOrAsyncEntry,com.example.android.architecture.blueprints.todoapp.util.TodoDrawerKt$AppDrawer$1$$ExternalSynthetic$Condy0->$init(): void,118
ROOT::FrameworkOrAsyncEntry,com.example.android.architecture.blueprints.todoapp.tasks.ComposableSingletons$TasksScreenKt$lambda-11$1$$ExternalSynthetic$Condy0->$init(): void,112
ROOT::FrameworkOrAsyncEntry,com.example.android.architecture.blueprints.todoapp.tasks.ComposableSingletons$TasksScreenKt$lambda-8$1$$ExternalSynthetic$Condy0->$init(): void,107
ROOT::FrameworkOrAsyncEntry,com.example.android.architecture.blueprints.todoapp.util.Async$Loading$$ExternalSynthetic$Condy0->$init(): void,105
ROOT::FrameworkOrAsyncEntry,com.example.android.architecture.blueprints.todoapp.tasks.TasksFilterType$$ExternalSynthetic$Condy0->$init(): void,104
ROOT::FrameworkOrAsyncEntry,com.example.android.architecture.blueprints.todoapp.ComposableSingletons$TodoActivityKt$lambda-2$1$$ExternalSynthetic$Condy0->$init(): void,96
ROOT::FrameworkOrAsyncEntry,com.example.android.architecture.blueprints.todoapp.tasks.TasksScreenKt$TasksScreen$5$$ExternalSynthetic$Condy0->$init(): void,95
ROOT::FrameworkOrAsyncEntry,com.example.android.architecture.blueprints.todoapp.tasks.TasksViewModel$_filteredTasksAsync$3$$ExternalSynthetic$Condy0->$init(): void,92
ROOT::FrameworkOrAsyncEntry,com.example.android.architecture.blueprints.todoapp.DaggerTodoApplication_HiltComponents_SingletonC$ViewModelCImpl$SwitchingProvider$$ExternalSynthetic$Condy0->$init(): void,90
ROOT::FrameworkOrAsyncEntry,com.example.android.architecture.blueprints.todoapp.tasks.ComposableSingletons$TasksScreenKt$lambda-1$1$$ExternalSynthetic$Condy0->$init(): void,82
ROOT::FrameworkOrAsyncEntry,com.example.android.architecture.blueprints.todoapp.util.ComposableSingletons$TopAppBarsKt$lambda-18$1$$ExternalSynthetic$Condy0->$init(): void,82
ROOT::FrameworkOrAsyncEntry,com.example.android.architecture.blueprints.todoapp.tasks.TasksScreenKt$TasksContent$2$$ExternalSynthetic$Condy0->$init(): void,77
ROOT::FrameworkOrAsyncEntry,com.example.android.architecture.blueprints.todoapp.tasks.TasksScreenKt$TasksScreen$5$4$1$$ExternalSynthetic$Condy0->$init(): void,68
ROOT::FrameworkOrAsyncEntry,com.example.android.architecture.blueprints.todoapp.TodoApplication_HiltComponents$ViewModelC$$ExternalSynthetic$Condy0->$init(): void,66
ROOT::FrameworkOrAsyncEntry,com.example.android.architecture.blueprints.todoapp.util.ComposableSingletons$TopAppBarsKt$lambda-2$1$$ExternalSynthetic$Condy0->$init(): void,66
ROOT::FrameworkOrAsyncEntry,com.example.android.architecture.blueprints.todoapp.util.TopAppBarsKt$TasksTopAppBar$1$$ExternalSynthetic$Condy0->$init(): void,64
ROOT::FrameworkOrAsyncEntry,com.example.android.architecture.blueprints.todoapp.DaggerTodoApplication_HiltComponents_SingletonC$SingletonCImpl$$ExternalSynthetic$Condy0->$init(): void,62
ROOT::FrameworkOrAsyncEntry,com.example.android.architecture.blueprints.todoapp.addedittask.AddEditTaskViewModel_HiltModules$KeyModule$$ExternalSynthetic$Condy0->$init(): void,61
ROOT::FrameworkOrAsyncEntry,com.example.android.architecture.blueprints.todoapp.TodoThemeKt$TodoTheme$1$$ExternalSynthetic$Condy0->$init(): void,59
ROOT::FrameworkOrAsyncEntry,com.example.android.architecture.blueprints.todoapp.TodoNavGraphKt$TodoNavGraph$2$1$2$1$$ExternalSynthetic$Condy0->$init(): void,54
ROOT::FrameworkOrAsyncEntry,com.example.android.architecture.blueprints.todoapp.data.source.local.TaskDao_Impl$3$$ExternalSynthetic$Condy0->$init(): void,52
ROOT::FrameworkOrAsyncEntry,com.example.android.architecture.blueprints.todoapp.TodoApplication_HiltComponents$SingletonC$$ExternalSynthetic$Condy0->$init(): void,51
ROOT::FrameworkOrAsyncEntry,com.example.android.architecture.blueprints.todoapp.tasks.TasksScreenKt$TasksContent$2$invoke$lambda$4$lambda$3$lambda$2$$inlined$items$default$3$$ExternalSynthetic$Condy0->$init(): void,51
ROOT::FrameworkOrAsyncEntry,com.example.android.architecture.blueprints.todoapp.data.DefaultTaskRepository$getTasksStream$$inlined$map$1$2$1$$ExternalSynthetic$Condy0->$init(): void,48
ROOT::FrameworkOrAsyncEntry,com.example.android.architecture.blueprints.todoapp.tasks.ComposableSingletons$TasksScreenKt$lambda-7$1$$ExternalSynthetic$Condy0->$init(): void,44
ROOT::FrameworkOrAsyncEntry,com.example.android.architecture.blueprints.todoapp.util.TopAppBarsKt$$ExternalSynthetic$Condy0->$init(): void,44
ROOT::FrameworkOrAsyncEntry,com.example.android.architecture.blueprints.todoapp.taskdetail.TaskDetailViewModel_HiltModules$KeyModule$$ExternalSynthetic$Condy0->$init(): void,36
ROOT::FrameworkOrAsyncEntry,com.example.android.architecture.blueprints.todoapp.DaggerTodoApplication_HiltComponents_SingletonC$Builder$$ExternalSynthetic$Condy0->$init(): void,34
ROOT::FrameworkOrAsyncEntry,com.example.android.architecture.blueprints.todoapp.tasks.TasksViewModel$uiState$1$$ExternalSynthetic$Condy0->$init(): void,34
ROOT::FrameworkOrAsyncEntry,com.example.android.architecture.blueprints.todoapp.util.ComposableSingletons$TopAppBarsKt$lambda-19$1$$ExternalSynthetic$Condy0->$init(): void,34
ROOT::FrameworkOrAsyncEntry,com.example.android.architecture.blueprints.todoapp.data.source.local.ToDoDatabase$$ExternalSynthetic$Condy0->$init(): void,32
ROOT::FrameworkOrAsyncEntry,com.example.android.architecture.blueprints.todoapp.tasks.ComposableSingletons$TasksScreenKt$lambda-4$1$$ExternalSynthetic$Condy0->$init(): void,32
ROOT::FrameworkOrAsyncEntry,com.example.android.architecture.blueprints.todoapp.util.ComposableSingletons$TopAppBarsKt$lambda-15$1$$ExternalSynthetic$Condy0->$init(): void,32
ROOT::FrameworkOrAsyncEntry,com.example.android.architecture.blueprints.todoapp.tasks.TasksScreenKt$$ExternalSynthetic$Condy0->$init(): void,28
ROOT::FrameworkOrAsyncEntry,com.example.android.architecture.blueprints.todoapp.tasks.FilteringUiInfo$$ExternalSynthetic$Condy0->$init(): void,26
ROOT::FrameworkOrAsyncEntry,com.example.android.architecture.blueprints.todoapp.util.ComposableSingletons$TopAppBarsKt$lambda-20$1$$ExternalSynthetic$Condy0->$init(): void,25
ROOT::FrameworkOrAsyncEntry,com.example.android.architecture.blueprints.todoapp.tasks.ComposableSingletons$TasksScreenKt$$ExternalSynthetic$Condy0->$init(): void,24
ROOT::FrameworkOrAsyncEntry,com.example.android.architecture.blueprints.todoapp.tasks.TasksViewModel$$ExternalSynthetic$Condy0->$init(): void,23
ROOT::FrameworkOrAsyncEntry,com.example.android.architecture.blueprints.todoapp.DaggerTodoApplication_HiltComponents_SingletonC$SingletonCImpl$SwitchingProvider$$ExternalSynthetic$Condy0->$init(): void,22
ROOT::FrameworkOrAsyncEntry,com.example.android.architecture.blueprints.todoapp.util.ComposableSingletons$TopAppBarsKt$lambda-7$1$$ExternalSynthetic$Condy0->$init(): void,22
ROOT::FrameworkOrAsyncEntry,com.example.android.architecture.blueprints.todoapp.TodoNavGraphKt$$ExternalSynthetic$Condy0->$init(): void,20
ROOT::FrameworkOrAsyncEntry,com.example.android.architecture.blueprints.todoapp.util.ComposeUtilsKt$$ExternalSynthetic$Condy0->$init(): void,20
ROOT::FrameworkOrAsyncEntry,com.example.android.architecture.blueprints.todoapp.util.TopAppBarsKt$MoreTasksMenu$1$$ExternalSynthetic$Condy0->$init(): void,20
ROOT::FrameworkOrAsyncEntry,com.example.android.architecture.blueprints.todoapp.data.TaskRepository$DefaultImpls->$init(): void,18
ROOT::FrameworkOrAsyncEntry,com.example.android.architecture.blueprints.todoapp.di.DatabaseModule$$ExternalSynthetic$Condy0->$init(): void,18
ROOT::FrameworkOrAsyncEntry,com.example.android.architecture.blueprints.todoapp.util.ComposableSingletons$TopAppBarsKt$lambda-10$1$$ExternalSynthetic$Condy0->$init(): void,18
ROOT::FrameworkOrAsyncEntry,com.example.android.architecture.blueprints.todoapp.util.TodoDrawerKt$AppModalDrawer$2$$ExternalSynthetic$Condy0->$init(): void,18
ROOT::FrameworkOrAsyncEntry,com.example.android.architecture.blueprints.todoapp.DaggerTodoApplication_HiltComponents_SingletonC$ActivityCBuilder$$ExternalSynthetic$Condy0->$init(): void,14
ROOT::FrameworkOrAsyncEntry,com.example.android.architecture.blueprints.todoapp.data.source.network.TaskNetworkDataSource$$ExternalSynthetic$Condy0->$init(): void,14
ROOT::FrameworkOrAsyncEntry,com.example.android.architecture.blueprints.todoapp.tasks.TasksScreenKt$TasksScreen$3$$ExternalSynthetic$Condy0->$init(): void,14
ROOT::FrameworkOrAsyncEntry,com.example.android.architecture.blueprints.todoapp.Hilt_TodoApplication$$ExternalSynthetic$Condy0->$init(): void,12
ROOT::FrameworkOrAsyncEntry,com.example.android.architecture.blueprints.todoapp.util.TodoDrawerKt->$init(): void,12
ROOT::FrameworkOrAsyncEntry,com.example.android.architecture.blueprints.todoapp.DaggerTodoApplication_HiltComponents_SingletonC$ActivityCImpl$$ExternalSynthetic$Condy0->$init(): void,10
ROOT::FrameworkOrAsyncEntry,com.example.android.architecture.blueprints.todoapp.DaggerTodoApplication_HiltComponents_SingletonC$ActivityRetainedCImpl$$ExternalSynthetic$Condy0->$init(): void,10
ROOT::FrameworkOrAsyncEntry,com.example.android.architecture.blueprints.todoapp.data.ModelMappingExtKt$$ExternalSynthetic$Condy0->$init(): void,10
ROOT::FrameworkOrAsyncEntry,com.example.android.architecture.blueprints.todoapp.tasks.TasksScreenKt$TasksContent$1$$ExternalSynthetic$Condy0->$init(): void,10
ROOT::FrameworkOrAsyncEntry,com.example.android.architecture.blueprints.todoapp.data.source.local.TaskDao_Impl$5$$ExternalSynthetic$Condy0->$init(): void,8
ROOT::FrameworkOrAsyncEntry,com.example.android.architecture.blueprints.todoapp.di.DatabaseModule_ProvideDataBaseFactory$$ExternalSynthetic$Condy0->$init(): void,8
ROOT::FrameworkOrAsyncEntry,com.example.android.architecture.blueprints.todoapp.tasks.ComposableSingletons$TasksScreenKt$lambda-10$1$$ExternalSynthetic$Condy0->$init(): void,8
ROOT::FrameworkOrAsyncEntry,com.example.android.architecture.blueprints.todoapp.Hilt_TodoActivity$$ExternalSynthetic$Condy0->$init(): void,6
ROOT::FrameworkOrAsyncEntry,com.example.android.architecture.blueprints.todoapp.Hilt_TodoActivity$1$$ExternalSynthetic$Condy0->$init(): void,6
ROOT::FrameworkOrAsyncEntry,com.example.android.architecture.blueprints.todoapp.statistics.StatisticsViewModel_HiltModules_BindsModule_Binds_LazyMapKey$$ExternalSynthetic$Condy0->$init(): void,6
ROOT::FrameworkOrAsyncEntry,com.example.android.architecture.blueprints.todoapp.util.ComposableSingletons$TopAppBarsKt$lambda-22$1$$ExternalSynthetic$Condy0->$init(): void,6
ROOT::FrameworkOrAsyncEntry,com.example.android.architecture.blueprints.todoapp.util.ComposableSingletons$TopAppBarsKt$lambda-23$1$$ExternalSynthetic$Condy0->$init(): void,6
ROOT::FrameworkOrAsyncEntry,com.example.android.architecture.blueprints.todoapp.TodoApplication_HiltComponents$ActivityC$$ExternalSynthetic$Condy0->$init(): void,4
ROOT::FrameworkOrAsyncEntry,com.example.android.architecture.blueprints.todoapp.TodoNavGraphKt$TodoNavGraph$2$1$6$$ExternalSynthetic$Condy0->$init(): void,4
ROOT::FrameworkOrAsyncEntry,com.example.android.architecture.blueprints.todoapp.addedittask.AddEditTaskViewModel_HiltModules_BindsModule_Binds_LazyMapKey$$ExternalSynthetic$Condy0->$init(): void,4
ROOT::FrameworkOrAsyncEntry,com.example.android.architecture.blueprints.todoapp.tasks.TasksScreenKt$TasksContent$2$invoke$lambda$4$lambda$3$lambda$2$$inlined$items$default$4$$ExternalSynthetic$Condy0->$init(): void,4
ROOT::FrameworkOrAsyncEntry,com.example.android.architecture.blueprints.todoapp.tasks.TasksScreenKt->$init(): void,4
ROOT::FrameworkOrAsyncEntry,com.example.android.architecture.blueprints.todoapp.tasks.TasksViewModel$special$$inlined$map$2$2$$ExternalSynthetic$Condy0->$init(): void,4
ROOT::FrameworkOrAsyncEntry,com.example.android.architecture.blueprints.todoapp.util.ComposableSingletons$TopAppBarsKt$lambda-11$1$$ExternalSynthetic$Condy0->$init(): void,4
ROOT::FrameworkOrAsyncEntry,com.example.android.architecture.blueprints.todoapp.util.TopAppBarsKt$TopAppBarDropdownMenu$1$2$$ExternalSynthetic$Condy0->$init(): void,4
ROOT::FrameworkOrAsyncEntry,com.example.android.architecture.blueprints.todoapp.ComposableSingletons$TodoActivityKt$$ExternalSynthetic$Condy0->$init(): void,2
ROOT::FrameworkOrAsyncEntry,com.example.android.architecture.blueprints.todoapp.ComposableSingletons$TodoActivityKt$lambda-1$1$$ExternalSynthetic$Condy0->$init(): void,2
ROOT::FrameworkOrAsyncEntry,com.example.android.architecture.blueprints.todoapp.DaggerTodoApplication_HiltComponents_SingletonC$ViewModelCImpl$$ExternalSynthetic$Condy0->$init(): void,2
ROOT::FrameworkOrAsyncEntry,com.example.android.architecture.blueprints.todoapp.DaggerTodoApplication_HiltComponents_SingletonC-IA->$init(): void,2
ROOT::FrameworkOrAsyncEntry,com.example.android.architecture.blueprints.todoapp.Hilt_TodoApplication$1$$ExternalSynthetic$Condy0->$init(): void,2
ROOT::FrameworkOrAsyncEntry,com.example.android.architecture.blueprints.todoapp.TodoActivity$$ExternalSynthetic$Condy0->$init(): void,2
ROOT::FrameworkOrAsyncEntry,com.example.android.architecture.blueprints.todoapp.TodoApplication$$ExternalSynthetic$Condy0->$init(): void,2
ROOT::FrameworkOrAsyncEntry,com.example.android.architecture.blueprints.todoapp.TodoNavGraphKt$TodoNavGraph$2$1$2$$ExternalSynthetic$Condy0->$init(): void,2
ROOT::FrameworkOrAsyncEntry,com.example.android.architecture.blueprints.todoapp.TodoNavigationActions$$ExternalSynthetic$Condy0->$init(): void,2
ROOT::FrameworkOrAsyncEntry,com.example.android.architecture.blueprints.todoapp.TodoThemeKt$$ExternalSynthetic$Condy0->$init(): void,2
ROOT::FrameworkOrAsyncEntry,com.example.android.architecture.blueprints.todoapp.data.DefaultTaskRepository$$ExternalSynthetic$Condy0->$init(): void,2
ROOT::FrameworkOrAsyncEntry,com.example.android.architecture.blueprints.todoapp.data.DefaultTaskRepository$getTasksStream$1$1$$ExternalSynthetic$Condy0->$init(): void,2
ROOT::FrameworkOrAsyncEntry,com.example.android.architecture.blueprints.todoapp.data.ModelMappingExtKt->$init(): void,2
ROOT::FrameworkOrAsyncEntry,com.example.android.architecture.blueprints.todoapp.data.source.local.TaskDao_Impl$$ExternalSynthetic$Condy0->$init(): void,2
ROOT::FrameworkOrAsyncEntry,com.example.android.architecture.blueprints.todoapp.data.source.local.TaskDao_Impl$2$$ExternalSynthetic$Condy0->$init(): void,2
ROOT::FrameworkOrAsyncEntry,com.example.android.architecture.blueprints.todoapp.data.source.local.TaskDao_Impl$4$$ExternalSynthetic$Condy0->$init(): void,2
ROOT::FrameworkOrAsyncEntry,com.example.android.architecture.blueprints.todoapp.data.source.local.TaskDao_Impl$6$$ExternalSynthetic$Condy0->$init(): void,2
ROOT::FrameworkOrAsyncEntry,com.example.android.architecture.blueprints.todoapp.data.source.local.ToDoDatabase_Impl$$ExternalSynthetic$Condy0->$init(): void,2
ROOT::FrameworkOrAsyncEntry,com.example.android.architecture.blueprints.todoapp.data.source.local.ToDoDatabase_Impl$1$$ExternalSynthetic$Condy0->$init(): void,2
ROOT::FrameworkOrAsyncEntry,com.example.android.architecture.blueprints.todoapp.data.source.network.NetworkTask$$ExternalSynthetic$Condy0->$init(): void,2
ROOT::FrameworkOrAsyncEntry,com.example.android.architecture.blueprints.todoapp.data.source.network.TaskStatus$$ExternalSynthetic$Condy0->$init(): void,2
ROOT::FrameworkOrAsyncEntry,com.example.android.architecture.blueprints.todoapp.di.CoroutinesModule_ProvidesCoroutineScopeFactory$$ExternalSynthetic$Condy0->$init(): void,2
ROOT::FrameworkOrAsyncEntry,com.example.android.architecture.blueprints.todoapp.di.CoroutinesModule_ProvidesDefaultDispatcherFactory$$ExternalSynthetic$Condy0->$init(): void,2
ROOT::FrameworkOrAsyncEntry,com.example.android.architecture.blueprints.todoapp.di.DatabaseModule_ProvideTaskDaoFactory$$ExternalSynthetic$Condy0->$init(): void,2
ROOT::FrameworkOrAsyncEntry,com.example.android.architecture.blueprints.todoapp.statistics.StatisticsViewModel_HiltModules$KeyModule$$ExternalSynthetic$Condy0->$init(): void,2
ROOT::FrameworkOrAsyncEntry,com.example.android.architecture.blueprints.todoapp.taskdetail.TaskDetailScreenKt->$init(): void,2
ROOT::FrameworkOrAsyncEntry,com.example.android.architecture.blueprints.todoapp.taskdetail.TaskDetailViewModel_HiltModules_BindsModule_Binds_LazyMapKey$$ExternalSynthetic$Condy0->$init(): void,2
ROOT::FrameworkOrAsyncEntry,com.example.android.architecture.blueprints.todoapp.tasks.ComposableSingletons$TasksScreenKt$lambda-6$1$$ExternalSynthetic$Condy0->$init(): void,2
ROOT::FrameworkOrAsyncEntry,com.example.android.architecture.blueprints.todoapp.tasks.ComposableSingletons$TasksScreenKt$lambda-9$1$$ExternalSynthetic$Condy0->$init(): void,2
ROOT::FrameworkOrAsyncEntry,com.example.android.architecture.blueprints.todoapp.tasks.TasksScreenKt$TasksScreen$4$$ExternalSynthetic$Condy0->$init(): void,2
ROOT::FrameworkOrAsyncEntry,com.example.android.architecture.blueprints.todoapp.tasks.TasksScreenKt$TasksScreen$5$1$1$$ExternalSynthetic$Condy0->$init(): void,2
ROOT::FrameworkOrAsyncEntry,com.example.android.architecture.blueprints.todoapp.tasks.TasksScreenKt$TasksScreen$5$2$1$$ExternalSynthetic$Condy0->$init(): void,2
ROOT::FrameworkOrAsyncEntry,com.example.android.architecture.blueprints.todoapp.tasks.TasksUiState$$ExternalSynthetic$Condy1->$init(): void,2
ROOT::FrameworkOrAsyncEntry,com.example.android.architecture.blueprints.todoapp.tasks.TasksViewModel$WhenMappings$$ExternalSynthetic$Condy0->$init(): void,2
ROOT::FrameworkOrAsyncEntry,com.example.android.architecture.blueprints.todoapp.tasks.TasksViewModel$WhenMappings->$init(): void,2
ROOT::FrameworkOrAsyncEntry,com.example.android.architecture.blueprints.todoapp.tasks.TasksViewModel$special$$inlined$map$1$$ExternalSynthetic$Condy0->$init(): void,2
ROOT::FrameworkOrAsyncEntry,com.example.android.architecture.blueprints.todoapp.tasks.TasksViewModel$special$$inlined$map$1$2$$ExternalSynthetic$Condy0->$init(): void,2
ROOT::FrameworkOrAsyncEntry,com.example.android.architecture.blueprints.todoapp.tasks.TasksViewModel$special$$inlined$map$1$2$1$$ExternalSynthetic$Condy0->$init(): void,2
ROOT::FrameworkOrAsyncEntry,com.example.android.architecture.blueprints.todoapp.tasks.TasksViewModel$special$$inlined$map$2$$ExternalSynthetic$Condy0->$init(): void,2
ROOT::FrameworkOrAsyncEntry,com.example.android.architecture.blueprints.todoapp.tasks.TasksViewModel_HiltModules_KeyModule_Provide_LazyMapKey$$ExternalSynthetic$Condy0->$init(): void,2
ROOT::FrameworkOrAsyncEntry,com.example.android.architecture.blueprints.todoapp.util.ComposableSingletons$TopAppBarsKt$$ExternalSynthetic$Condy0->$init(): void,2
ROOT::FrameworkOrAsyncEntry,com.example.android.architecture.blueprints.todoapp.util.ComposableSingletons$TopAppBarsKt$lambda-1$1$$ExternalSynthetic$Condy0->$init(): void,2
ROOT::FrameworkOrAsyncEntry,com.example.android.architecture.blueprints.todoapp.util.ComposableSingletons$TopAppBarsKt$lambda-12$1$$ExternalSynthetic$Condy0->$init(): void,2
ROOT::FrameworkOrAsyncEntry,com.example.android.architecture.blueprints.todoapp.util.ComposableSingletons$TopAppBarsKt$lambda-13$1$$ExternalSynthetic$Condy0->$init(): void,2
ROOT::FrameworkOrAsyncEntry,com.example.android.architecture.blueprints.todoapp.util.ComposableSingletons$TopAppBarsKt$lambda-17$1$$ExternalSynthetic$Condy0->$init(): void,2
ROOT::FrameworkOrAsyncEntry,com.example.android.architecture.blueprints.todoapp.util.ComposableSingletons$TopAppBarsKt$lambda-21$1$$ExternalSynthetic$Condy0->$init(): void,2
ROOT::FrameworkOrAsyncEntry,com.example.android.architecture.blueprints.todoapp.util.ComposableSingletons$TopAppBarsKt$lambda-3$1$$ExternalSynthetic$Condy0->$init(): void,2
ROOT::FrameworkOrAsyncEntry,com.example.android.architecture.blueprints.todoapp.util.ComposableSingletons$TopAppBarsKt$lambda-6$1$$ExternalSynthetic$Condy0->$init(): void,2
ROOT::FrameworkOrAsyncEntry,com.example.android.architecture.blueprints.todoapp.util.ComposableSingletons$TopAppBarsKt$lambda-9$1$$ExternalSynthetic$Condy0->$init(): void,2
ROOT::FrameworkOrAsyncEntry,com.example.android.architecture.blueprints.todoapp.util.CoroutinesUtilsKt$$ExternalSynthetic$Condy0->$init(): void,2
ROOT::FrameworkOrAsyncEntry,com.example.android.architecture.blueprints.todoapp.util.TodoDrawerKt$$ExternalSynthetic$Condy0->$init(): void,2
ROOT::FrameworkOrAsyncEntry,com.example.android.architecture.blueprints.todoapp.util.TodoDrawerKt$AppModalDrawer$1$$ExternalSynthetic$Condy0->$init(): void,2
ROOT::FrameworkOrAsyncEntry,com.example.android.architecture.blueprints.todoapp.util.TopAppBarsKt$FilterTasksMenu$1$$ExternalSynthetic$Condy0->$init(): void,2
ROOT::FrameworkOrAsyncEntry,com.example.android.architecture.blueprints.todoapp.util.TopAppBarsKt$TasksTopAppBar$2$$ExternalSynthetic$Condy0->$init(): void,2
ROOT::FrameworkOrAsyncEntry,com.example.android.architecture.blueprints.todoapp.util.TopAppBarsKt$TopAppBarDropdownMenu$1$4$$ExternalSynthetic$Condy0->$init(): void,2
ROOT::FrameworkOrAsyncEntry,com.example.android.architecture.blueprints.todoapp.util.TopAppBarsKt->$init(): void,2
